Processor,CPU Cores,AI Accelerator,Year,Lib,CPU-Q Score,CPU-F Score,INT8 CNNs,INT8 Transformer,INT8 Accuracy,FP16 CNNs,FP16 Transformer,FP16 Accuracy,INT16 CNNs,INT8 Parallel,FP16 Parallel,AI Score
,,,,,,,,,,,,,,,,
Snapdragon 8 Elite,2x4.32 GHz Oryon V2 L + 6x3.53 GHz Oryon V2 M,Hexagon DSP / HTP Gen 4,2024.0,qhqh,156.0,165.0,1185.0,4425.0,69.9,1107.0,2187.0,95.4,165.0,141.0,175.0,9453.0
Dimensity 9400+,3.73 GHz X925 + 3x3.3 GHz X4 & 4x2.4 GHz A720,NPU 890,2025.0,mm,158.0,155.0,861.0,3888.0,78.1,1085.0,1977.0,97.8,393.0,56.0,64.0,8516.0
Dimensity 9400,3.63 GHz X925 + 3x3.3 GHz X4 & 4x2.4 GHz A720,NPU 890,2024.0,mm,136.0,131.0,796.0,3780.0,77.5,1039.0,1839.0,97.8,336.0,55.0,75.0,8074.0
Snapdragon 8 Gen 3,3.3 GHz X4 & 5x3.2 GHz A720 & 2x2.3 GHz A520,Hexagon DSP / HTP Gen 3,2023.0,qhqh,110.0,112.0,931.0,3389.0,69.9,792.0,1668.0,95.3,135.0,95.0,91.0,7113.0
Dimensity 9300+,3.4 GHz + 3x2.85 GHz Cortex-X4 & 4x2.0 GHz A720,APU 790,2023.0,mm,122.0,117.0,630.0,3017.0,76.4,843.0,1291.0,97.8,266.0,43.0,54.0,6276.0
Dimensity 9300,3.25 GHz + 3x2.85 GHz Cortex-X4 & 4x2.0 GHz A720,APU 790,2023.0,mm,102.0,109.0,635.0,3014.0,76.4,847.0,1282.0,97.8,264.0,43.0,54.0,6244.0
Dimensity 9400e,3.4 GHz + 3x2.85 GHz Cortex-X4 & 4x2.0 GHz A720,APU 790,2025.0,mm,115.0,113.0,615.0,2993.0,76.4,830.0,1288.0,97.8,260.0,40.0,52.0,6203.0
Snapdragon 8 Gen 2,3.36 GHz X3 & 2x2.8 A715 & 2x2.8 A710 & 3xA510,Hexagon DSP / HTP Gen 2,2022.0,qhqh,101.0,95.0,674.0,2468.0,69.9,631.0,1147.0,95.3,108.0,86.0,81.0,5238.0
Dimensity 8400,3.25 GHz & 3x3.0 GHz & 4x2.1 GHz Cortex-A725,NPU 880,2024.0,mm,84.0,85.0,508.0,1762.0,77.5,643.0,587.0,97.8,220.0,33.0,41.0,3877.0
Apple A18 Pro,2x4.05 GHz + 4x2.42 GHz,Neural Engine (16 cores),2024.0,coreml,159.0,160.0,247.0,1499.0,100.0,743.0,916.0,100.0,0.0,17.0,50.0,3790.0
Snapdragon 8s Gen 4,3.2 GHz X4 & 3x3.0 GHz A720 & 4x A520,Hex. DSP / HTP + GPU (Adreno 825),2025.0,qhqg,95.0,97.0,711.0,2670.0,69.9,148.0,50.0,73.4,0.0,93.0,14.0,3713.0
Snapdragon 8+ Gen 1,3.19 GHz X2 & 3x2.75 GHz A710 & 4x1.8 A510,Hexagon DSP / HTP,2022.0,qhqh,94.0,79.0,436.0,1912.0,71.9,348.0,568.0,97.5,71.0,40.0,38.0,3493.0
Apple A17 Pro,2x3.78 GHz + 4x2.11 GHz,Neural Engine (16 cores),2023.0,coreml,126.0,128.0,249.0,1288.0,100.0,766.0,807.0,100.0,0.0,16.0,49.0,3428.0
Snapdragon 8 Gen 1,3.0 GHz X2 & 3x2.5 GHz A710 & 4x1.8 A510,Hexagon DSP / HTP,2021.0,qhqh,72.0,64.0,390.0,1808.0,71.9,334.0,539.0,97.5,67.0,44.0,39.0,3271.0
Dimensity 8300 Ultra,3.35 GHz + 3x3.2 GHz A715 & 4x2.2 GHz A510,APU 780,2023.0,mm,74.0,76.0,390.0,1788.0,76.5,478.0,274.0,97.8,183.0,33.0,31.0,3259.0
Dimensity 8300,3.35 GHz + 3x3.2 GHz A715 & 4x2.2 GHz A510,NPU 780,2023.0,mm,82.0,81.0,405.0,1660.0,76.5,501.0,271.0,97.8,169.0,34.0,30.0,3169.0
Dimensity 8350,3.35 GHz + 3x3.2 GHz A715 & 4x2.2 GHz A510,NPU 780,2023.0,mm,76.0,74.0,438.0,1478.0,76.5,531.0,187.0,97.8,183.0,32.0,32.0,2963.0
Snapdragon 8s Gen 3,3.0 GHz X4 & 4x2.8 GHz A720 & 3x2.0 GHz A520,Hex. DSP / HTP + GPU (Adreno 735),2024.0,qhqg,101.0,96.0,441.0,2160.0,69.9,118.0,37.0,82.5,0.0,39.0,9.4,2902.0
Snapdragon 7+ Gen 3,2.8 GHz X4 & 4x2.6 GHz A720 & 3x1.9 GHz A520,Hex. DSP / HTP + GPU (Adreno 732),2024.0,qhqg,101.0,93.0,430.0,1890.0,69.9,108.0,34.0,82.5,0.0,51.0,8.4,2623.0
Snapdragon 7+ Gen 2,2.91 GHz X2 & 3x2.49 A710 & 4x1.8 GHz A510,Hex. DSP / HTP + GPU (Adreno 725),2023.0,qhqg,92.0,80.0,343.0,1549.0,71.9,88.0,29.0,82.4,0.0,41.0,6.2,2157.0
MediaTek MT8189,2x2.6 GHz Cortex-A78 & 6x2.0 GHz Cortex-A55,NPU 850,2024.0,mm,49.0,36.0,207.0,923.0,77.5,216.0,453.0,97.8,90.0,13.0,13.0,1966.0
Snapdragon 888,2.84 GHz & 3x2.42 GHz & 4x1.8 GHz Kryo 680,DSP (Hex. 780) + GPU (Adreno 660),2020.0,qhqg,85.0,70.0,256.0,1233.0,71.9,74.0,29.0,80.7,0.0,31.0,6.0,1724.0
Snapdragon 7 Gen 3,2.63 GHz & 3x2.4 GHz A715 & 4x1.8GHz A510,Hex. DSP / HTP + GPU (Adreno 720),2023.0,qhqg,50.0,37.0,225.0,917.0,70.0,65.0,22.0,82.4,0.0,20.0,5.1,1288.0
Dimensity 9200+,3.35 GHz X3 & 3x3 GHz A715 & 4x2 GHz A510,APU 690,2022.0,mm,68.0,65.0,280.0,191.0,77.7,359.0,98.0,97.6,102.0,20.0,23.0,1161.0
Snapdragon 7s Gen 3,2.5 GHz & 3x2.4 GHz A720 & 4x1.8 GHz A520,Hex. DSP / HTP + GPU (Adreno 710),2024.0,qhqg,66.0,54.0,157.0,772.0,70.0,30.0,7.0,75.3,0.0,9.9,1.8,1056.0
Dimensity 9200,3.05 GHz X3 & 3x2.85 GHz A715 & 4x1.8 A510,APU 690,2022.0,mm,62.0,65.0,242.0,164.0,77.7,307.0,95.0,97.6,103.0,27.0,26.0,1052.0
Snapdragon 6 Gen 4,2.3 GHz + 3x2.2 GHz A720 & 4x1.8 GHz A520,Hex. DSP / HTP + GPU (Adreno 810),2025.0,qhqg,62.0,53.0,145.0,717.0,70.0,28.0,6.9,76.0,0.0,9.0,1.7,985.0
Snapdragon 6 Gen 3,4x2.4 GHz Cortex-A78 & 4x1.8 GHz Cortex-A55,Hex. DSP / HTP + GPU (Adreno 710),2024.0,qhqg,66.0,52.0,139.0,678.0,70.0,36.0,8.7,82.4,0.0,9.3,2.0,956.0
Snapdragon 7 Gen 1 AE,2.5 GHz + 3x2.36 GHz A710 & 4x1.8 GHz A510,Hexagon DSP / HTP,2022.0,qhqh,57.0,49.0,137.0,453.0,71.9,111.0,119.0,97.4,21.0,8.0,9.8,936.0
Google Tensor G4,3.1 GHz X4 & 3x2.6 GHz A720 & 4x1.92 GHz A520,Google Tensor TPU 2.0,2024.0,nn,85.0,65.0,140.0,253.0,79.6,202.0,120.0,92.4,0.0,23.0,40.0,895.0
Google Tensor G2,2x2.85 GHz X1 & 2x2.35 GHz A78 & 4x1.8 GHz A55,Google Tensor TPU 2.0,2022.0,nn,81.0,67.0,123.0,265.0,83.8,205.0,141.0,90.1,0.0,15.0,25.0,892.0
Snapdragon 7 Gen 1,2.4 GHz + 3x2.36 GHz A710 & 4x1.8 GHz A510,Hexagon DSP / HTP,2022.0,qhqh,54.0,45.0,136.0,423.0,71.9,92.0,139.0,96.3,13.0,12.0,11.0,892.0
Dimensity 9000,3.05 GHz X2 & 3x2.85 GHz A710 & 4x1.8 A510,APU 590,2021.0,mm,61.0,60.0,198.0,124.0,77.7,260.0,81.0,97.6,82.0,16.0,19.0,866.0
Snapdragon 778G+,2.5 GHz + 3x2.4 GHz + 4x1.8 GHz Kryo 670,DSP (Hex. 770) + GPU (Adreno 642L),2022.0,qhqg,58.0,47.0,159.0,543.0,71.9,40.0,12.0,76.4,0.0,14.0,2.6,838.0
Snapdragon 7s Gen 2,4x2.4 GHz Cortex-A78 & 4x1.95 GHz Cortex-A55,Hex. DSP / HTP + GPU (Adreno 710),2023.0,qhqg,63.0,48.0,123.0,578.0,70.0,35.0,8.5,82.4,0.0,6.6,2.0,834.0
Google Tensor G3,3.0 GHz X3 & 4x2.45 GHz A715 & 4x2.15 GHz A510,Google Tensor TPU 2.0,2023.0,nn,73.0,58.0,136.0,227.0,79.6,201.0,105.0,92.4,0.0,24.0,39.0,829.0
Google Tensor,2x2.8 GHz X1 & 2x2.25 GHz A76 & 4x1.8 GHz A55,Google Tensor TPU,2021.0,nn,68.0,64.0,59.0,378.0,80.0,143.0,99.0,92.1,0.0,9.2,20.0,823.0
Snapdragon 778G,2.4 GHz + 3x2.2 GHz + 4x1.9 GHz Kryo 670,DSP (Hex. 770) + GPU (Adreno 642L),2021.0,qhqg,61.0,47.0,121.0,567.0,71.9,17.0,12.0,71.4,0.0,8.2,1.1,805.0
Dimensity 8200 Ultimate,3.1 GHz + 3x3.0 GHz A78 & 4x2.0 GHz A55,APU 580,2023.0,mm,80.0,68.0,131.0,169.0,79.0,173.0,80.0,97.6,67.0,12.0,13.0,768.0
Qualcomm QC6490,2.7 GHz & 3x2.4 GHz & 4x1.90 GHz Kryo 670,DSP (Hex. 770) + GPU (Adreno 643),2021.0,qhqg,50.0,40.0,141.0,464.0,72.3,29.0,18.0,76.5,0.0,12.0,3.8,724.0
Snapdragon 6 Gen 1,4x2.2 GHz Cortex-A78 & 4x1.8 GHz Cortex-A55,Hex. DSP / HTP + GPU (Adreno 710),2022.0,qhqg,60.0,49.0,95.0,464.0,70.0,31.0,7.7,82.4,0.0,5.2,1.8,690.0
Dimensity 8200 Ultra,3.1 GHz + 3x3.0 GHz A78 & 4x2.0 GHz A55,APU 580,2023.0,mm,65.0,62.0,131.0,128.0,78.2,166.0,75.0,98.6,58.0,8.6,10.0,683.0
Dimensity 8100 Ultra,4x2.85 GHz Cortex-A78 & 4x2.0 GHz Cortex-A55,APU 580,2022.0,mm,63.0,58.0,131.0,129.0,77.7,164.0,71.0,97.6,58.0,8.8,10.0,671.0
Dimensity 8100,4x2.85 GHz Cortex-A78 & 4x2.0 GHz Cortex-A55,APU 580,2022.0,mm,72.0,67.0,114.0,130.0,79.4,153.0,71.0,97.6,58.0,8.8,10.0,665.0
Exynos 2400,3.2GHz X4 & 5x2.9GHz A720 & 4x1.95GHz A520,GPU (Xclipse 940),2023.0,gg,97.0,95.0,55.0,160.0,73.6,183.0,64.0,96.1,0.0,2.8,10.0,652.0
Exynos 2400e,3.1 GHz X4 & 5x2.9 GHz A720 & 4x2.0 GHz A520,GPU (Xclipse 940),2024.0,gg,96.0,94.0,54.0,163.0,63.3,165.0,63.0,86.3,0.0,2.6,11.0,629.0
Dimensity 8000 Max,4x2.75 GHz Cortex-A78 & 4x2.0 GHz Cortex-A55,APU 580,2022.0,mm,68.0,60.0,113.0,136.0,83.0,140.0,66.0,97.6,0.0,8.5,9.6,586.0
Xiaomi Xring O1,2x3.9GHz X925 & 4x3.4 + 2x1.9GHz A725 & 2x A520,GPU (Immortalis-G925 MP16),2025.0,gg,103.0,118.0,31.0,158.0,74.7,93.0,77.0,96.0,0.0,2.2,7.0,579.0
Qualcomm QC5430,4x2.2 GHz + 4x1.8 GHz Kryo 670,Hex. DSP / HTP + GPU (Adreno 642L),2023.0,qhqg,48.0,40.0,82.0,324.0,74.4,21.0,12.0,76.4,0.0,5.8,1.8,514.0
Exynos 2100,2.9 GHz X1 & 3x2.80 GHz A78 & 4x2.2 GHz A55,GPU (Mali-G78 MP14),2021.0,aa,64.0,60.0,21.0,162.0,69.2,60.0,128.0,91.6,0.0,2.3,5.5,495.0
Dimensity 1000+,4x2.6 GHz Cortex A77 & 4x2.0 GHz Cortex A55,GPU (Mali-G77 MC9),2019.0,gg,65.0,59.0,29.0,202.0,74.7,96.0,36.0,95.9,0.0,1.0,3.5,484.0
Dimensity 7200 Ultra,2x2.8 GHz Cortex-A715 & 6x Cortex-A510,APU 650,2023.0,nn,44.0,45.0,84.0,138.0,76.2,103.0,66.0,97.6,0.0,5.6,6.0,476.0
Exynos 2200,2.8 GHz X2 & 3x2.5 GHz A710 & 4x1.8 A510,GPU (Xclipse 920),2022.0,gg,75.0,65.0,38.0,115.0,73.6,137.0,40.0,96.1,0.0,1.8,6.6,468.0
Kirin 9000 5G,3.13GHz + 3x2.54GHz A77 & 4x2.04GHz A55,GPU (Mali-G78 MP24),2020.0,gg,75.0,66.0,31.0,143.0,74.7,103.0,37.0,95.9,0.0,1.4,4.9,452.0
Kirin 9000 5G,3.13GHz + 3x2.54GHz A77 & 4x2.04GHz A55,"GPU + NPU (3 Cores, Da Vinci series)",2020.0,gn,75.0,66.0,31.0,143.0,74.7,86.0,37.0,87.3,0.0,1.4,17.0,441.0
Exynos 2100,2.9 GHz X1 & 3x2.80 GHz A78 & 4x2.2 GHz A55,GPU (Mali-G78 MP14),2021.0,gg,73.0,65.0,36.0,108.0,74.7,121.0,34.0,95.9,0.0,1.4,5.7,434.0
Dimensity 1000+,4x2.6 GHz Cortex A77 & 4x2.0 GHz Cortex A55,GPU (Mali-G77 MC9),2019.0,aa,63.0,59.0,18.0,138.0,69.2,48.0,103.0,91.6,0.0,1.6,2.8,426.0
Qualcomm SA8295,4x2.56 GHz Cortex-X1 & 4x2 GHz Cortex-A78,GPU (Adreno 695),2023.0,qgqg,60.0,65.0,40.0,96.0,78.9,135.0,37.0,90.3,0.0,1.6,5.5,426.0
Kirin 9000 5G,3.13GHz + 3x2.54GHz A77 & 4x2.04GHz A55,GPU (Mali-G78 MP24),2020.0,aa,71.0,66.0,20.0,122.0,69.2,49.0,98.0,91.6,0.0,2.4,4.7,425.0
Dimensity 1000+,4x2.6 GHz Cortex A77 & 4x2.0 GHz Cortex A55,APU 3.0 (6 cores),2019.0,nn,65.0,57.0,36.0,160.0,81.9,66.0,22.0,97.6,0.0,4.8,8.9,413.0
Dimensity 7400,4x2.6 GHz Cortex-A78 & 4x2.0 GHz Cortex-A55,APU 655,2025.0,nn,60.0,41.0,66.0,102.0,75.6,97.0,51.0,88.7,0.0,5.3,6.1,409.0
MediaTek Genio 700,2x2.2 GHz Cortex-A78 & 6x2.0 GHz Cortex-A55,APU 5.0 (MDLA3.0 @900MHz),2024.0,nn,46.0,39.0,66.0,129.0,75.5,94.0,39.0,77.8,0.0,5.8,5.7,398.0
Dimensity 7300 Energy,4x2.5 GHz Cortex-A78 & 4x2.0 GHz Cortex-A55,APU 655,2024.0,nn,57.0,39.0,62.0,103.0,75.6,90.0,49.0,88.7,0.0,5.2,5.7,393.0
Dimensity 7300,4x2.5 GHz Cortex-A78 & 4x2.0 GHz Cortex-A55,APU 655,2024.0,nn,58.0,40.0,61.0,97.0,75.6,90.0,50.0,88.7,0.0,5.1,5.7,389.0
Dimensity 7300X,4x2.5 GHz Cortex-A78 & 4x2.0 GHz Cortex-A55,APU 655,2024.0,nn,57.0,39.0,60.0,97.0,75.6,89.0,48.0,88.7,0.0,5.2,5.8,382.0
Dimensity 7300 Ultimate,4x2.5 GHz Cortex-A78 & 4x2.0 GHz Cortex-A55,APU 655,2024.0,nn,56.0,38.0,61.0,97.0,75.6,89.0,48.0,88.7,0.0,4.8,5.5,381.0
Exynos 990,2x2.73 GHz M5 & 2x2.5 GHz A76 & 4x2 GHz A55,GPU (Mali-G77 MP11),2020.0,gg,59.0,58.0,30.0,89.0,74.7,102.0,36.0,95.9,0.0,1.3,4.4,372.0
Snapdragon 870,3.2 GHz + 3x2.42 GHz + 4x1.8 GHz Kryo 585,DSP (Hex. 698) + GPU (Adreno 650),2020.0,hg,69.0,63.0,22.0,107.0,74.1,77.0,36.0,90.3,0.0,2.6,3.8,371.0
Kirin 990 5G,2x2.86 + 2x2.36 GHz A76 & 4x1.95 GHz A55,"GPU + NPU (3 cores, Da Vinci series)",2019.0,gn,58.0,59.0,23.0,128.0,74.7,67.0,31.0,87.2,0.0,1.0,9.5,365.0
Snapdragon 865,2.84 GHz + 3x2.42 GHz + 4x1.8 GHz Kryo 585,DSP (Hex. 698) + GPU (Adreno 650),2019.0,hg,70.0,64.0,18.0,77.0,64.3,98.0,35.0,90.3,0.0,3.3,4.8,360.0
Kirin 990 5G,2x2.86 + 2x2.36 GHz A76 & 4x1.95 GHz A55,GPU (Mali-G76 MP16),2019.0,gg,58.0,59.0,23.0,112.0,74.7,77.0,31.0,95.9,0.0,0.9,3.2,356.0
Qualcomm SA8255P,4x2.35 GHz Kryo Prime & 4x35 GHz Kryo Gold,GPU (Adreno 663),2022.0,qgqg,53.0,55.0,32.0,83.0,78.9,109.0,27.0,90.3,0.0,1.4,4.7,353.0
Exynos 9825,2x2.7 GHz M4 & 2x2.4 GHz A75 & 4x1.9 GHz A55,GPU (Mali-G76 MP12),2019.0,gg,45.0,45.0,22.0,132.0,74.7,76.0,32.0,95.9,0.0,0.9,3.1,349.0
Dimensity 1080,2x2.6 GHz Cortex-A78 & 6x2.0 GHz Cortex-A55,APU 3.0 (6 cores),2021.0,nn,47.0,39.0,32.0,128.0,81.1,60.0,37.0,97.5,0.0,3.0,4.6,344.0
MediaTek Kompanio 1300T,4x2.6 GHz Cortex-A78 & 4x2.0 GHz Cortex-A55,APU 3.0 (6 cores),2022.0,nn,67.0,64.0,39.0,73.0,81.1,66.0,31.0,97.6,0.0,3.9,5.3,344.0
Kirin 9020,2.5 GHz + 3x2.15 GHz V121 & 4x1.56 GHz Taishan,none,2024.0,cc,86.0,90.0,9.7,86.0,100.0,17.0,52.0,100.0,0.0,0.8,1.3,342.0
Dimensity 920,2x2.5 GHz Cortex-A78 & 6x2.0 GHz Cortex-A55,APU 3.0 (6 cores),2020.0,nn,44.0,38.0,32.0,125.0,81.1,57.0,36.0,96.6,0.0,3.0,4.6,334.0
Kirin 990 5G,2x2.86 + 2x2.36 GHz A76 & 4x1.95 GHz A55,GPU (Mali-G76 MP16),2019.0,aa,52.0,58.0,15.0,107.0,69.2,33.0,72.0,91.7,0.0,1.1,2.6,334.0
Exynos 9820,2x2.7 GHz M4 & 2x2.3 GHz A75 & 4x2 GHz A55,GPU (Mali-G76 MP12),2018.0,gg,45.0,46.0,19.0,114.0,74.7,66.0,30.0,95.9,0.0,0.8,2.7,318.0
Dimensity 1200,3.0 GHz A78 & 3x2.6 GHz A78 & 4x2.0 GHz A55,APU 3.0 (6 cores),2021.0,mm,71.0,66.0,21.0,73.0,59.2,47.0,34.0,97.2,0.0,5.3,5.1,315.0
Kirin 980,2x2.6 GHz + 2x1.92 GHz A76 & 4x1.8 GHz A55,GPU (Mali-G76 MP10),2018.0,gg,51.0,49.0,18.0,105.0,74.7,63.0,28.0,95.9,0.0,0.7,2.7,312.0
Dimensity 1200-AI,3.0 GHz A78 & 3x2.6 GHz A78 & 4x2.0 GHz A55,APU 3.0 (6 cores),2021.0,mm,70.0,62.0,27.0,70.0,59.3,40.0,33.0,97.6,0.0,5.4,5.1,306.0
Dimensity 900,2x2.4 GHz Cortex-A78 & 6x2.0 GHz Cortex-A55,APU 3.0 (6 cores),2021.0,nn,51.0,40.0,34.0,79.0,81.1,62.0,39.0,97.5,0.0,3.0,4.7,306.0
Dimensity 7050,2x2.6 GHz Cortex-A78 & 6x2.0 GHz Cortex-A55,APU 550,2023.0,nn,52.0,40.0,33.0,73.0,81.1,63.0,34.0,97.5,0.0,3.0,4.6,297.0
MediaTek Kompanio 900T,2x2.6 GHz Cortex-A78 & 6x2.0 GHz Cortex-A55,APU 3.0 (6 cores),2021.0,nn,47.0,38.0,33.0,73.0,81.1,61.0,39.0,97.5,0.0,3.0,4.8,294.0
Dimensity 8020,4x2.6 GHz Cortex-A78 & 4x2.0 GHz Cortex-A55,APU 570,2023.0,mm,60.0,65.0,27.0,67.0,69.2,37.0,31.0,97.2,0.0,4.9,4.6,289.0
Snapdragon 855+,2.96 GHz + 3x2.42 GHz + 4x1.80 GHz Kryo 485,DSP (Hex. 690) + GPU (Adreno 640),2019.0,hg,53.0,52.0,22.0,58.0,63.9,73.0,31.0,90.3,0.0,3.1,3.3,288.0
Dimensity 7030,2x2.5 GHz Cortex-A78 & 6x2.0 GHz Cortex-A55,APU 550,2023.0,nn,50.0,40.0,33.0,78.0,76.6,58.0,26.0,97.5,0.0,2.7,4.6,286.0
Kirin 820,2.36 + 3x2.22 GHz A76 & 4x1.84GHz A55,GPU (Mali-G57 MP6),2020.0,gg,48.0,43.0,16.0,101.0,74.7,57.0,24.0,95.9,0.0,0.7,2.3,286.0
Dimensity 800,4x2.0 GHz Cortex-A76 & 4x2.0 GHz Cortex-A55,APU 3.0 (4 cores),2020.0,nn,39.0,42.0,28.0,104.0,81.1,39.0,31.0,97.6,0.0,2.9,2.8,285.0
Snapdragon 860,2.96 GHz + 3x2.42 GHz + 4x1.80 GHz Kryo 485,DSP (Hex. 690) + GPU (Adreno 640),2021.0,hg,52.0,49.0,21.0,57.0,63.9,71.0,31.0,90.3,0.0,2.9,3.4,280.0
Dimensity 800U,2x2.4 GHz Cortex-A76 & 6x2.0 GHz Cortex-A55,GPU (Mali-G57 MC3),2020.0,gg,39.0,35.0,14.0,118.0,74.7,48.0,23.0,95.9,0.0,0.5,1.8,276.0
Unisoc T9100 (T820),2.7 GHz + 3x2.3 GHz Cortex-A76 & 4x2.1 GHz A55,NPU + GPU (ARM NATT MC4),2022.0,nn,51.0,46.0,24.0,106.0,57.1,22.0,17.0,100.0,0.0,3.0,1.0,266.0
Kirin 980,2x2.6 GHz + 2x1.92 GHz A76 & 4x1.8 GHz A55,GPU (Mali-G76 MP10),2018.0,aa,42.0,45.0,11.0,91.0,69.9,25.0,52.0,93.9,0.0,0.6,2.1,264.0
Snapdragon 855,2.84 GHz + 3x2.41 GHz + 4x1.78 GHz Kryo 485,DSP (Hex. 690) + GPU (Adreno 640),2018.0,hg,46.0,49.0,20.0,53.0,63.9,63.0,35.0,90.3,0.0,3.2,3.1,264.0
Dimensity 1050,2x2.5 GHz Cortex-A78 & 6x2.0 GHz Cortex-A55,APU 550,2022.0,nn,44.0,38.0,32.0,62.0,76.6,54.0,20.0,97.5,0.0,2.8,4.7,251.0
Exynos 9820,2x2.7 GHz M4 & 2x2.3 GHz A75 & 4x2 GHz A55,GPU (Mali-G76 MP12),2018.0,aa,40.0,43.0,14.0,73.0,69.2,30.0,53.0,91.7,0.0,0.8,2.1,251.0
Kirin 9000S1,2.49 GHz + 3x2.15 GHz V120 & 4x1.53 GHz A510,none,2024.0,cc,62.0,63.0,7.4,65.0,100.0,12.0,40.0,100.0,0.0,0.7,1.0,251.0
Kirin 9000W,2.49 GHz + 3x2.15 GHz V120 & 4x1.53 GHz A510,none,2023.0,cc,62.0,63.0,7.1,66.0,100.0,12.0,40.0,100.0,0.0,0.6,0.9,251.0
Kirin 9010,2.3 GHz + 3x2.18 GHz V120 & 4x1.55 GHz A510,none,2024.0,cc,60.0,62.0,7.4,64.0,100.0,13.0,40.0,100.0,0.0,0.7,1.0,249.0
Q855 + Pixel Neural Core,2.84 GHz + 3x2.41 GHz + 4x1.78 GHz Kryo 485,Google TPU + Adreno GPU,2019.0,nn,51.0,52.0,8.9,69.0,94.2,28.0,35.0,91.8,0.0,1.9,2.2,246.0
Kirin 9000S,2.6 GHz + 3x2.2 GHz A720 & 4x1.5 GHz A510,none,2023.0,cc,60.0,58.0,6.4,65.0,100.0,11.0,40.0,100.0,0.0,0.6,0.7,241.0
Exynos 1580,2.9 GHz + 3x2.6 GHz A720 & 4x1.9 GHz A520,none,2024.0,cc,64.0,59.0,8.6,62.0,100.0,13.0,33.0,100.0,0.0,0.5,0.9,240.0
Rockchip RK3588S,4x2.35 GHz Cortex-A76 & 4x1.8 Cortex-A55,GPU (Mali-G610 MP4),2021.0,gg,40.0,40.0,23.0,58.0,74.7,56.0,24.0,95.9,0.0,0.9,3.2,240.0
Dimensity 800,4x2.0 GHz Cortex-A76 & 4x2.0 GHz Cortex-A55,GPU (Mali-G57 MC4),2020.0,gg,35.0,32.0,12.0,101.0,74.7,34.0,22.0,95.9,0.0,0.5,1.7,234.0
Dimensity 820,4x2.6 GHz Cortex-A76 & 4x2.0 GHz Cortex-A55,APU 3.0 (4 cores),2020.0,nn,49.0,47.0,18.0,52.0,80.9,29.0,35.0,97.6,0.0,2.5,3.1,232.0
Exynos 1380,4x2.4 GHz Cortex-A78 & 4x2.0 GHz Cortex-A55,GPU (Mali-G68 MP5),2023.0,cn,63.0,53.0,7.0,66.0,100.0,18.0,25.0,97.4,0.0,0.5,1.3,232.0
Unisoc T8100 (T760),4x2.2 GHz Cortex-A76 + 4x2.0 GHz Cortex-A55,NPU + GPU (Mali-G57),2020.0,nn,37.0,34.0,17.0,100.0,81.0,20.0,16.0,92.8,0.0,2.0,1.5,225.0
MediaTek MT2715,4x1.6 GHz Cortex-A78 & 4x1.4 GHz Cortex-A55,GPU (Mali-G57 MC5),2023.0,nn,29.0,31.0,15.0,83.0,79.4,44.0,21.0,97.6,0.0,0.6,1.8,223.0
Exynos 1480,4x2.75 GHz Cortex-A78 & 4x2.0 GHz Cortex-A55,GPU (Xclipse 530),2024.0,cn,64.0,47.0,7.3,66.0,100.0,16.0,20.0,97.2,0.0,0.5,1.0,221.0
Exynos 9810,4x2.7 GHz Mongoose M3 & 4x1.8 GHz Cortex-A55,GPU (Mali-G72 MP18),2018.0,gg,18.0,34.0,16.0,49.0,74.7,58.0,23.0,95.9,0.0,0.7,2.6,197.0
Kirin 8000,2.4 GHz + 3x2.19 GHz A77 & 4x1.84 GHz A55,none,2023.0,cc,52.0,47.0,6.2,54.0,100.0,9.0,26.0,100.0,0.0,0.4,0.6,195.0
Dimensity 820,4x2.6 GHz Cortex-A76 & 4x2.0 GHz Cortex-A55,GPU (Mali-G57 MC5),2020.0,aa,38.0,38.0,8.4,47.0,74.4,22.0,38.0,92.3,0.0,0.8,1.5,193.0
Kirin 810,2x2.27 GHz Cortex-A76 & 6x1.88 GHz A55,GPU (Mali-G52 MP6),2019.0,gg,37.0,32.0,10.0,54.0,74.7,36.0,21.0,95.9,0.0,0.4,1.5,190.0
Snapdragon 695,2x2.2 GHz Kryo 660/G & 6x1.7 GHz Kryo 660/S,DSP (Hex. 686) + GPU (Adreno 619),2021.0,ng,44.0,33.0,10.0,47.0,65.3,30.0,22.0,90.3,0.0,1.1,1.4,184.0
Snapdragon 750G,2x2.2 GHz Kryo 570/G & 6x1.8 GHz Kryo 570/S,DSP (Hex. 694) + GPU (Adreno 619),2020.0,ng,39.0,32.0,11.0,52.0,55.0,31.0,22.0,90.3,0.0,1.1,1.4,184.0
Kirin 970,4x2.4 GHz Cortex-A73 & 4x1.8 GHz Cortex-A53,GPU (Mali-G72 MP12),2017.0,gg,21.0,25.0,17.0,45.0,74.7,58.0,12.0,95.9,0.0,0.6,2.3,176.0
MediaTek Helio G95,2x2.05 GHz Cortex-A76 & 6x2.0 GHz Cortex-A55,GPU (Mali-G76 MP4),2020.0,nn,36.0,32.0,9.7,60.0,59.2,24.0,17.0,65.2,0.0,0.7,1.6,176.0
Snapdragon 765G,2.4 GHz & 1x2.2 GHz & 6x1.8 GHz Kryo 475,DSP (Hex. 696) + GPU (Adreno 620),2019.0,hg,35.0,32.0,14.0,43.0,63.9,32.0,22.0,90.3,0.0,1.9,1.5,176.0
Dimensity 800,4x2.0 GHz Cortex-A76 & 4x2.0 GHz Cortex-A55,GPU (Mali-G57 MC4),2020.0,aa,35.0,32.0,7.4,51.0,69.2,19.0,31.0,91.6,0.0,0.6,1.2,175.0
Exynos 1280,2x2.4 GHz Cortex-A78 & 6x2.0 GHz Cortex-A55,GPU (Mali-G68),2022.0,nn,34.0,31.0,7.7,66.0,88.6,16.0,17.0,89.7,0.0,0.6,1.5,173.0
Exynos 8895,4x2.3 GHz Mongoose M2 & 4x1.7 GHz A53,GPU (Mali-G71 MP20),2017.0,gg,19.0,27.0,16.0,43.0,74.7,54.0,14.0,95.9,0.0,0.7,2.6,172.0
Dimensity 7025 Ultra,2x2.5 GHz Cortex-A78 & 6x2.0 GHz Cortex-A55,GPU (IMG BXM-8-256),2024.0,cn,46.0,35.0,5.1,53.0,90.0,19.0,13.0,78.4,0.0,0.3,1.5,170.0
Rockchip RK3588,4x2.26 GHz Cortex-A76 & 4x1.8 Cortex-A55,none,2021.0,cc,43.0,45.0,5.0,43.0,100.0,9.0,22.0,100.0,0.0,0.4,0.7,168.0
Snapdragon 4 Gen 2,2x2.2 GHz Cortex-A78 & 6x2.0 GHz Cortex-A55,none,2023.0,cg,43.0,34.0,5.0,49.0,100.0,14.0,22.0,90.3,0.0,0.4,0.7,168.0
Snapdragon 750,2x2.2 GHz Kryo 570/G & 6x1.8 GHz Kryo 570/S,DSP (Hex. 694) + GPU (Adreno 619),2020.0,ng,33.0,30.0,10.0,47.0,73.0,30.0,19.0,90.3,0.0,1.1,1.4,168.0
Dimensity 7020,2x2.2 GHz Cortex-A78 & 6x2.0 GHz Cortex-A55,GPU (IMG BXM-8-256),2023.0,cn,45.0,36.0,4.4,51.0,90.0,19.0,12.0,78.4,0.0,0.2,1.5,167.0
Snapdragon 732G,2x2.3 GHz Kryo 470/G & 6x1.8 GHz Kryo 470/S,DSP (Hex. 688) + GPU (Adreno 618),2020.0,hg,37.0,31.0,9.8,39.0,63.9,30.0,21.0,90.3,0.0,1.0,1.4,167.0
Dimensity 720,2x2.0 GHz Cortex-A76 & 6x2.0 GHz Cortex-A55,GPU (Mali-G57 MC3),2020.0,nn,32.0,30.0,9.5,57.0,59.2,21.0,17.0,65.2,0.0,0.8,1.4,164.0
Snapdragon 720G,2x2.3 GHz Kryo 465/G & 6x1.8 GHz Kryo 465/S,DSP (Hex. 692) + GPU (Adreno 618),2020.0,hg,36.0,31.0,9.6,38.0,63.9,29.0,21.0,90.3,0.0,1.0,1.3,163.0
Snapdragon 730G,2x2.2 GHz Kryo 470/G & 6x1.8 GHz Kryo 470/S,DSP (Hex. 688) + GPU (Adreno 618),2019.0,hg,35.0,31.0,9.5,41.0,63.9,27.0,20.0,90.3,0.0,0.9,1.2,163.0
Snapdragon 845,4x2.8 GHz Kryo 385/G & 4x1.7 GHz Kryo 385/S,DSP (Hex. 685) + GPU (Adreno 630),2018.0,hg,27.0,33.0,10.0,25.0,63.9,49.0,19.0,90.3,0.0,1.2,2.5,163.0
Dimensity 6300,2x2.4 GHz Cortex-A76 & 6x2.0 GHz Cortex-A55,GPU (Mali-G57 MC2),2024.0,cn,37.0,34.0,4.0,42.0,90.0,25.0,20.0,82.6,0.0,0.3,1.5,162.0
Dimensity 6400,2x2.5 GHz Cortex-A76 & 6x2.0 GHz Cortex-A55,GPU (Mali-G57 MC2),2025.0,cn,37.0,34.0,3.7,38.0,90.0,24.0,19.0,82.6,0.0,0.2,1.5,157.0
MediaTek Helio G99 Ultimate,2x2.2 GHz Cortex-A76 & 6x2.0 GHz Cortex-A55,GPU (Mali-G57 MC2),2022.0,cn,36.0,34.0,4.4,40.0,100.0,25.0,20.0,65.2,0.0,0.4,1.5,157.0
MediaTek Helio G100,2x2.2 GHz Cortex-A76 & 6x2.0 GHz Cortex-A55,GPU (Mali-G57 MC2),2024.0,cn,36.0,34.0,3.9,40.0,90.0,24.0,20.0,65.2,0.0,0.3,1.5,156.0
MediaTek Helio G99,2x2.2 GHz Cortex-A76 & 6x2.0 GHz Cortex-A55,GPU (Mali-G57 MC2),2022.0,cn,36.0,34.0,3.9,40.0,90.0,24.0,20.0,65.2,0.0,0.2,1.5,156.0
Snapdragon 4 Gen 1,2x2.0 GHz Cortex-A78 & 6x1.8 GHz Cortex-A55,none,2022.0,cg,36.0,27.0,4.7,43.0,100.0,27.0,18.0,90.3,0.0,0.4,1.2,155.0
Snapdragon 480+,2x2.2 GHz Kryo 460 & 6x1.8 GHz Kryo 460,DSP (Hex. 686) + GPU (Adreno 619),2021.0,ng,31.0,30.0,9.3,41.0,74.1,25.0,19.0,90.3,0.0,1.1,1.2,154.0
Dimensity 6080,2x2.4 GHz Cortex-A76 & 6x2.0 GHz Cortex-A55,GPU (Mali-G57 MC2),2023.0,cm,37.0,34.0,4.0,41.0,90.0,20.0,18.0,64.5,0.0,0.2,1.4,153.0
Snapdragon 480,2x2.0 GHz Kryo 460 & 6x1.8 GHz Kryo 460,DSP (Hex. 686) + GPU (Adreno 619),2021.0,ng,32.0,29.0,9.6,39.0,55.3,26.0,19.0,90.3,0.0,1.1,1.1,152.0
Snapdragon 690,2x2.0 GHz Kryo 560/G & 6x1.7 GHz Kryo 560/S,DSP (Hex. 692) + GPU (Adreno 619L),2020.0,ng,32.0,28.0,8.4,44.0,65.3,23.0,18.0,90.3,0.0,1.0,1.1,152.0
Dimensity 700,2x2.2 GHz Cortex-A76 & 6x2.0 GHz Cortex-A55,GPU (Mali-G57 MC2),2021.0,cm,36.0,33.0,3.9,41.0,90.0,19.0,19.0,64.5,0.0,0.3,1.3,150.0
MediaTek Helio G99 Ultra,2x2.2 GHz Cortex-A76 & 6x2.0 GHz Cortex-A55,GPU (Mali-G57 MC2),2022.0,cn,33.0,32.0,3.8,37.0,90.0,21.0,19.0,65.2,0.0,0.3,1.4,145.0
MediaTek Helio G96,2x2.05 GHz Cortex-A76 & 6x2.0 GHz Cortex-A55,GPU (Mali-G57 MC2),2021.0,cn,34.0,31.0,4.0,38.0,100.0,20.0,18.0,65.2,0.0,0.3,1.3,144.0
MediaTek Helio G90T,2x2.05 GHz Cortex-A76 & 6x2.0 GHz Cortex-A55,APU 1.0 + GPU (Mali-G76 MP4),2019.0,nn,32.0,31.0,6.9,41.0,62.9,18.0,15.0,82.6,0.0,0.5,1.2,143.0
Dimensity 6100+,2x2.2 GHz Cortex-A76 & 6x2.0 GHz Cortex-A55,GPU (Mali-G57 MC2),2023.0,cn,32.0,30.0,3.6,37.0,90.0,21.0,19.0,82.6,0.0,0.2,1.3,142.0
Dimensity 6020,2x2.2 GHz Cortex-A76 & 6x2.0 GHz Cortex-A55,GPU (Mali-G57 MC2),2023.0,cm,33.0,32.0,3.8,36.0,90.0,19.0,18.0,64.5,0.0,0.3,1.3,140.0
Exynos 1330,2x2.4 GHz Cortex-A78 & 6x2.0 GHz Cortex-A55,none,2023.0,cc,36.0,30.0,3.2,44.0,100.0,5.1,22.0,100.0,0.0,0.3,0.4,140.0
Exynos 8895,4x2.3 GHz Mongoose M2 & 4x1.7 GHz A53,GPU (Mali-G71 MP20),2017.0,aa,14.0,20.0,7.0,57.0,75.1,11.0,32.0,94.5,0.0,0.4,1.0,140.0
Snapdragon 835,4x2.45 + 4x1.9 GHz Kryo 280,DSP (Hex. 682) + GPU (Adreno 540),2017.0,hg,20.0,23.0,11.0,30.0,73.4,38.0,14.0,90.3,0.0,0.4,1.7,133.0
Exynos 9810,4x2.7 GHz Mongoose M3 & 4x1.8 GHz Cortex-A55,GPU (Mali-G72 MP18),2018.0,aa,15.0,28.0,3.4,25.0,69.2,16.0,38.0,91.7,0.0,0.3,1.3,124.0
Unisoc T8200 (T765),2.5 GHz + 3x2.2 GHz Cortex-A76 & 4x2.0 GHz A55,GPU (Mali G57 MC2),2023.0,cn,32.0,26.0,3.8,35.0,100.0,14.0,13.0,92.3,0.0,0.3,0.8,124.0
Snapdragon 675,2x2.0 GHz Kryo 460/G & 6x1.7 GHz Kryo 460/S,DSP (Hex. 685) + GPU (Adreno 612),2018.0,hg,29.0,27.0,8.4,30.0,63.9,13.0,17.0,90.3,0.0,1.4,0.6,123.0
Exynos 9609,4x2.2 GHz Cortex-A73 & 4x1.6 GHz Cortex-A53,GPU (Mali-G72 MP3),2019.0,gg,16.0,18.0,7.6,37.0,74.7,26.0,9.3,95.9,0.0,0.3,1.1,112.0
Exynos 9610,4x2.3 GHz Cortex-A73 & 4x1.7 GHz Cortex-A53,GPU (Mali-G72 MP3),2018.0,gg,17.0,18.0,7.4,33.0,74.7,24.0,10.0,95.9,0.0,0.3,1.1,109.0
Snapdragon 712,2x2.3 GHz Kryo 360/G & 6x1.7 GHz Kryo 360/S,DSP (Hex. 685) + GPU (Adreno 616),2019.0,hg,18.0,23.0,8.8,20.0,63.9,24.0,14.0,90.3,0.0,1.0,1.1,107.0
MediaTek Helio P70,4x2.1 GHz Cortex-A73 & 4x2.0 GHz Cortex-A53,APU 1.0 + GPU (Mali-G72 MP3),2019.0,nn,17.0,21.0,6.8,38.0,74.7,12.0,10.0,82.6,0.0,0.3,0.7,105.0
Snapdragon 685,4x2.8 GHz Cortex-A73 & 4x1.9 GHz Cortex-A53,GPU(Adreno 610),2020.0,cg,25.0,26.0,2.9,25.0,100.0,11.0,13.0,90.3,0.0,0.2,0.6,103.0
Snapdragon 710,2x2.2 GHz Kryo 360/G & 6x1.7 GHz Kryo 360/S,DSP (Hex. 685) + GPU (Adreno 616),2018.0,ng,17.0,22.0,8.6,25.0,55.0,20.0,14.0,90.3,0.0,0.7,0.9,103.0
Snapdragon 821,2x2.15 + 2x1.6 GHz Kryo,DSP (Hex. 680) + GPU (Adreno 530),2016.0,hg,17.0,25.0,5.0,12.0,66.1,32.0,13.0,90.5,0.0,0.4,1.6,103.0
Allwinner A733,2x2.0 GHz Cortex-A78 & 6x1.8 GHz Cortex-A55,none,2024.0,cc,28.0,22.0,3.1,31.0,100.0,4.3,12.0,100.0,0.0,0.3,0.3,101.0
Kirin 710,4x2.2 GHz Cortex-A73 & 4x1.7 GHz Cortex-A53,GPU (Mali-G51 MP4),2018.0,gg,19.0,21.0,5.1,25.0,74.7,17.0,11.0,95.9,0.0,0.2,0.7,97.0
Snapdragon 680,4x2.4 GHz Kryo 265/G & 4x1.9 GHz Kryo 265/S,DSP (Hex. 686) + GPU (Adreno 610),2021.0,ng,18.0,23.0,6.2,27.0,65.3,11.0,11.0,90.3,0.0,0.8,0.5,95.0
MediaTek Helio G88,2x2.0 GHz Cortex-A75 & 6x1.8 GHz Cortex-A55,GPU (Mali-G52 MC2),2020.0,cn,23.0,22.0,2.6,24.0,90.0,13.0,11.0,65.2,0.0,0.2,0.9,94.0
Broadcom BCM2712,4x2.5 GHz Cortex-A76,none,2023.0,cc,24.0,24.0,1.6,25.0,95.9,4.7,14.0,100.0,0.0,0.1,0.3,93.0
MediaTek Helio G85,2x2.0 GHz Cortex-A75 & 6x1.8 GHz Cortex-A55,GPU (Mali-G52 MC2),2020.0,cn,22.0,22.0,2.4,23.0,90.0,13.0,11.0,65.2,0.0,0.2,0.7,93.0
MediaTek Helio G91,2x2.0 GHz Cortex-A75 & 6x1.8 GHz Cortex-A55,GPU (Mali-G52 MC2),2024.0,cn,22.0,22.0,2.4,23.0,90.0,13.0,9.9,65.2,0.0,0.2,0.8,91.0
MediaTek Helio P60,4x2.0 GHz Cortex-A73 & 4x2.0 GHz Cortex-A53,APU 1.0 + GPU (Mali-G72 MP3),2018.0,nn,16.0,18.0,6.4,30.0,71.0,12.0,9.7,82.6,0.0,0.3,0.7,91.0
Unisoc T618,2x2.0 GHz Cortex-A75 & 6x2.0 GHz Cortex-A55,none,2019.0,cc,23.0,23.0,2.5,23.0,100.0,5.0,12.0,100.0,0.0,0.3,0.4,90.0
MediaTek Helio G81,2x2.0 GHz Cortex-A75 & 6x1.8 GHz Cortex-A55,GPU (Mali-G52 MC2),2019.0,cn,22.0,22.0,2.4,23.0,90.0,12.0,10.0,65.2,0.0,0.2,0.7,89.0
MediaTek Helio G92 Max,2x2.0 GHz Cortex-A75 & 6x1.8 GHz Cortex-A55,GPU (Mali-G52 MC2),2024.0,cn,22.0,20.0,2.5,23.0,90.0,13.0,10.0,65.2,0.0,0.2,0.9,89.0
MediaTek Helio P90,2x2.2 GHz Cortex-A75 & 6x2.0 GHz Cortex-A55,APU 2.0,2018.0,nn,23.0,23.0,3.5,21.0,70.7,6.1,12.0,98.0,0.0,0.6,1.1,89.0
MediaTek Helio G80,2x2.0 GHz Cortex-A75 & 6x1.8 GHz Cortex-A55,GPU (Mali-G52 MC2),2019.0,cn,21.0,21.0,2.6,22.0,90.0,9.9,9.9,82.6,0.0,0.2,0.6,87.0
MediaTek Helio P95,2x2.2 GHz Cortex-A75 & 6x2.0 GHz Cortex-A55,APU 2.0,2019.0,nc,24.0,24.0,3.7,18.0,75.1,5.1,12.0,99.0,0.0,0.5,0.3,86.0
Unisoc T7255 (T616),2x2.0 GHz Cortex-A75 & 6x1.8 GHz Cortex-A55,none,2019.0,cc,22.0,22.0,2.2,23.0,100.0,4.3,12.0,100.0,0.0,0.2,0.4,86.0
Unisoc T7280 (T620),2x2.2 GHz Cortex-A75 & 6x1.8 GHz Cortex-A55,GPU (Mali G57 MP1),2024.0,cn,23.0,21.0,2.8,24.0,80.0,7.5,6.9,92.8,0.0,0.3,0.4,86.0
MediaTek Helio P65,2x2.0 GHz Cortex-A75 & 6x1.7 GHz Cortex-A55,GPU (Mali-G52 2EEMC2),2019.0,cn,20.0,20.0,2.4,22.0,90.0,11.0,9.8,65.2,0.0,0.2,0.6,84.0
Unisoc T610,2x1.8 GHz Cortex-A75 & 6x1.8 GHz Cortex-A55,none,2019.0,cc,22.0,21.0,2.4,22.0,100.0,4.5,11.0,100.0,0.0,0.2,0.3,84.0
Unisoc T700,2x1.8 GHz Cortex-A75 & 6x1.8 GHz Cortex-A55,none,2021.0,cc,22.0,21.0,2.1,22.0,100.0,4.1,12.0,100.0,0.0,0.2,0.3,83.0
MediaTek MT8788,4x2.0 GHz Cortex-A73 & 4x2.0 GHz Cortex-A53,APU 1.0 + GPU (Mali-G72 MP3),2018.0,nn,16.0,19.0,3.9,25.0,77.6,12.0,7.0,65.3,0.0,0.4,0.7,81.0
Unisoc T7225 (T612),2x1.8 GHz Cortex-A75 & 6x1.8 GHz Cortex-A55,none,2022.0,cc,21.0,21.0,2.0,22.0,80.0,4.3,11.0,100.0,0.0,0.2,0.4,81.0
Exynos 7885,2x2.2 GHz Cortex-A73 & 6x1.6 GHz Cortex-A53,GPU (Mali-G71 MP2),2018.0,gg,13.0,14.0,4.4,24.0,74.7,15.0,8.8,95.9,0.0,0.2,0.5,79.0
Snapdragon 660,4x2.2 GHz + 4x1.8 GHz Kryo 260,GPU (Adreno 512),2017.0,cg,17.0,19.0,2.0,17.0,100.0,14.0,10.0,90.3,0.0,0.2,0.6,79.0
MediaTek Helio G70,2x2.0 GHz Cortex-A75 & 6x1.7 GHz Cortex-A55,GPU (Mali-G52 MC2),2020.0,cn,19.0,17.0,2.1,22.0,90.0,9.4,9.2,65.2,0.0,0.2,0.5,78.0
Unisoc T310,2.0 GHz Cortex-A75 and 3x1.8 Cortex-A55,none,2019.0,cc,21.0,18.0,1.9,22.0,100.0,3.3,11.0,100.0,0.0,0.1,0.2,78.0
Unisoc T7250 (T615),2x1.8 GHz Cortex-A75 & 6x1.6 GHz Cortex-A55,GPU (Mali-G57 MP1),2022.0,cn,20.0,19.0,2.5,20.0,83.3,8.0,7.4,92.3,0.0,0.2,0.5,77.0
Exynos 7420 Octa,4x2.1 GHz Cortex-A57 & 4x1.5 GHz Cortex-A53,GPU (Mali-T760MP8),2015.0,gg,12.0,14.0,3.9,21.0,73.6,14.0,7.9,96.0,0.0,0.2,0.7,72.0
Unisoc T7200 (T606),2x1.6 GHz Cortex-A75 & 6x1.6 GHz Cortex-A55,none,2019.0,cc,19.0,18.0,2.1,19.0,80.0,4.2,9.7,100.0,0.0,0.2,0.3,72.0
Snapdragon 662,4x2.0 GHz Kryo 260/G & 4x1.8 GHz Kryo 260/S,DSP (Hex. 683) + GPU (Adreno 610),2020.0,hg,16.0,18.0,5.3,13.0,63.9,9.5,9.5,90.3,0.0,0.8,0.4,71.0
Snapdragon 665,4x2.0 GHz Kryo 260 Gold & 4x1.8 GHz Kryo 260 Silver,DSP (Hex. 686) + GPU (Adreno 610),2019.0,hg,16.0,19.0,5.3,13.0,63.9,9.4,9.5,90.3,0.0,0.8,0.4,71.0
Snapdragon 6s Gen 1,2x2.3 GHz Cortex-A78 & 6x2.0 GHz Cortex-A55,none,2024.0,cc,17.0,19.0,1.5,18.0,100.0,3.3,9.9,100.0,0.0,0.2,0.3,70.0
Kirin 950,4x2.3 GHz Cortex-A72 & 4x1.8 GHz Cortex A53,none,2015.0,cc,17.0,19.0,1.8,17.0,100.0,3.5,10.0,100.0,0.0,0.1,0.3,69.0
Exynos 9611,4x2.3 GHz Cortex-A73 & 4x1.7 GHz Cortex-A53,none,2019.0,cc,16.0,17.0,1.5,17.0,100.0,3.1,10.0,100.0,0.0,0.1,0.2,66.0
Snapdragon 636,8x1.8 GHz Kryo 260,GPU (Adreno 509),2017.0,cg,15.0,16.0,1.7,15.0,100.0,9.4,8.4,90.3,0.0,0.1,0.4,66.0
Amlogic A311D2,4x2.2 GHz Cortex-A73 & 4x2 GHz Cortex-A53,none,2021.0,cc,14.0,20.0,2.1,11.0,100.0,4.4,10.0,100.0,0.0,0.2,0.3,62.0
Exynos 7904,2x1.77 GHz Cortex-A73 & 6x1.59 GHz Cortex-A53,GPU (Mali-G71 MP2),2019.0,gg,11.0,13.0,2.3,22.0,74.7,8.1,7.2,95.9,0.0,0.1,0.3,62.0
Nvidia Tegra X1,4x1.9 GHz Maxwell,none,2019.0,cc,15.0,17.0,1.5,15.0,100.0,3.2,8.6,100.0,0.2,0.1,0.2,60.0
Snapdragon 632,4x1.8 GHz Kryo 250/G & 4x1.8 GHz Kryo 250/S,none,2018.0,cc,15.0,15.0,1.3,16.0,100.0,3.1,7.9,95.7,0.0,0.1,0.3,59.0
Allwinner A523,4x1.8 GHz + 4x1.4 GHz Cortex-A55,none,2023.0,cc,17.0,13.0,1.7,17.0,100.0,2.5,6.9,100.0,0.0,0.2,0.2,58.0
Unisoc T7100 (T603),4x1.8 GHz + 4x1.2 GHz Cortex-A55,none,2024.0,cc,15.0,13.0,1.3,15.0,100.0,2.3,7.0,100.0,0.0,0.2,0.2,55.0
Exynos 7885,2x2.2 GHz Cortex-A73 & 6x1.6 GHz Cortex-A53,none,2018.0,cc,12.0,14.0,1.5,14.0,100.0,3.3,8.2,100.0,0.0,0.1,0.2,54.0
Kirin 960,4x2.4 GHz Cortex-A73 & 4x1.8 GHz Cortex-A53,none,2016.0,cc,14.0,18.0,1.4,11.0,100.0,3.0,7.3,100.0,0.0,0.2,0.3,54.0
Snapdragon 460,4x1.8 GHz Kryo 240 & 4x1.6 GHz Kryo 240,DSP (Hex. 683) + GPU (Adreno 610),2020.0,hg,12.0,14.0,4.9,10.0,63.9,6.5,7.5,90.3,0.0,0.8,0.3,54.0
MediaTek Pentonic 700,4x1.4 GHz Cortex-A73,none,2022.0,cc,12.0,16.0,1.0,14.0,100.0,2.9,7.5,100.0,0.0,0.1,0.2,53.0
Snapdragon 652,4x1.8 GHz Cortex-A72 & 4x1.4 GHz Cortex-A53,none,2015.0,cc,12.0,15.0,1.5,12.0,100.0,3.1,8.6,100.0,0.0,0.1,0.2,53.0
Snapdragon 810,4x2.0 GHz Cortex-A57 & 4x1.5 GHz Cortex-A53,GPU (Adreno 430),2014.0,gg,6.7,9.0,5.6,7.6,71.6,19.0,5.4,80.3,0.0,0.4,1.3,53.0
Unisoc SC9863A,4x1.6 GHz & 4x1.2 GHz Cortex-A55,none,2018.0,cc,15.0,13.0,1.4,15.0,100.0,2.5,6.6,100.0,0.0,0.2,0.2,53.0
Exynos 7904,2x1.77 GHz Cortex-A73 & 6x1.59 GHz Cortex-A53,none,2019.0,cc,11.0,13.0,1.1,13.0,100.0,2.7,7.5,100.0,0.0,0.1,0.2,49.0
MediaTek Helio X20,2x2.3 GHz A72 & 4x1.9 GHz + 4x1.4 GHz A53,none,2016.0,cc,11.0,14.0,1.2,12.0,100.0,2.7,8.6,100.0,0.0,0.1,0.2,49.0
Snapdragon 625,8x2.0 GHz Cortex-A53,GPU (Adreno 506),2016.0,gg,11.0,12.0,1.6,12.0,78.9,5.7,6.8,90.3,0.0,0.1,0.2,48.0
Snapdragon 630,8x2.2 GHz Cortex-A53,GPU (Adreno 508),2017.0,cg,10.0,11.0,1.3,11.0,100.0,9.2,5.5,90.3,0.0,0.1,0.4,48.0
Snapdragon 805,4x2.5 GHz Krait 450,none,2013.0,cc,11.0,15.0,1.0,11.0,100.0,2.7,7.6,100.0,0.0,0.1,0.2,48.0
Snapdragon 805,4x2.5 GHz Krait 450,GPU (Adreno 420),2013.0,gg,6.6,8.5,3.3,7.5,71.3,16.0,6.6,80.3,0.0,0.2,0.8,48.0
Exynos 850,8x2.0 GHz Cortex-A55,none,2020.0,cc,11.0,14.0,1.0,11.0,100.0,2.6,7.1,100.0,0.0,0.1,0.2,47.0
MediaTek Helio P22T,4x2.3 GHz + 4x1.8 GHz Cortex-A53,none,2018.0,cc,12.0,12.0,1.1,13.0,100.0,2.3,6.0,100.0,0.0,0.1,0.2,47.0
Exynos 7884,2x1.6 GHz Cortex-A73 & 6x1.35 GHz Cortex-A53,none,2018.0,cc,11.0,13.0,1.0,12.0,100.0,2.4,7.0,100.0,0.0,0.1,0.2,46.0
Kirin 659,4x2.36 GHz + 4x1.7 GHz Cortex-A53,none,2017.0,cc,12.0,11.0,1.3,13.0,100.0,2.3,6.1,100.0,0.0,0.1,0.2,46.0
MediaTek Helio G36,8x2.2 GHz Cortex-A53,none,2023.0,cc,12.0,12.0,1.3,12.0,100.0,2.6,5.8,100.0,0.0,0.1,0.2,46.0
MediaTek Helio G37,4x2.3 GHz Cortex-A53 & 4x1.8 GHz Cortex-A53,none,2020.0,cc,12.0,12.0,1.4,12.0,100.0,2.5,5.9,100.0,0.0,0.1,0.2,46.0
Rockchip RK3566,4x1.8 GHz Cortex-A55,none,2020.0,cc,13.0,10.0,1.5,14.0,100.0,2.1,5.5,100.0,0.0,0.1,0.1,46.0
Rockchip RK3568,4x2.0 GHz Cortex-A55,none,2020.0,cc,13.0,12.0,1.8,10.0,100.0,2.4,6.7,100.0,0.0,0.1,0.1,46.0
Snapdragon 801,4x2.5 GHz Krait 400,GPU (Adreno 330),2013.0,gg,7.4,13.0,2.7,8.8,34.9,9.5,7.6,37.1,0.0,0.2,0.5,45.0
Exynos 7420 Octa,4x2.1 GHz Cortex-A57 & 4x1.5 GHz Cortex-A53,none,2015.0,cc,11.0,13.0,1.3,11.0,100.0,2.3,6.1,100.0,0.0,0.1,0.2,44.0
MediaTek Helio P35,4x2.3 GHz + 4x1.8 GHz Cortex-A53,none,2018.0,cc,12.0,11.0,1.3,12.0,100.0,2.5,5.4,100.0,0.0,0.1,0.2,44.0
MediaTek Helio G35,8x2.3 GHz Cortex-A53,none,2020.0,cc,12.0,11.0,1.2,12.0,100.0,2.1,5.4,100.0,0.0,0.1,0.2,43.0
MediaTek MT8768,4x2.0 GHz Cortex-A53 & 4x1.5 GHz Cortex A53,none,2020.0,cc,11.0,9.8,1.2,12.0,100.0,2.4,5.6,100.0,0.0,0.1,0.2,42.0
Allwinner A537,2x1.8 GHz Cortex-A73 & 6x Cortex-A53,none,2024.0,cc,11.0,9.9,1.2,12.0,100.0,2.0,5.5,100.0,0.0,0.1,0.1,41.0
Kirin 655,4x2.1 GHz + 4x1.7 GHz Cortex-A53,none,2016.0,cc,11.0,10.0,1.0,11.0,100.0,2.1,5.4,100.0,0.0,0.1,0.2,41.0
Snapdragon 439,4x1.95 GHz + 4x1.45 GHz Cortex-A53,none,2018.0,cc,11.0,11.0,1.0,11.0,100.0,2.1,5.5,100.0,0.0,0.1,0.2,41.0
Snapdragon 625,8x2.0 GHz Cortex-A53,none,2016.0,cc,10.0,11.0,1.2,10.0,100.0,2.2,5.4,100.0,0.0,0.1,0.2,41.0
MediaTek Helio A22,4x2.0 GHz Cortex-A53,none,2018.0,cc,10.0,11.0,0.9,10.0,100.0,1.9,5.5,100.0,0.0,0.1,0.1,40.0
Qualcomm QWM2290,4x2.0 GHz Cortex-A53,none,2023.0,cc,10.0,11.0,1.0,11.0,100.0,2.0,5.5,100.0,0.0,0.1,0.1,40.0
Rockchip RK3562,4x2.0 GHz Cortex-A53,none,2023.0,cc,10.0,10.0,1.0,11.0,100.0,2.0,5.5,100.0,0.0,0.1,0.1,40.0
Snapdragon 801,4x2.5 GHz Krait 400,none,2013.0,cc,8.2,13.0,0.9,8.7,100.0,2.2,7.5,100.0,0.0,0.1,0.2,40.0
MediaTek Helio G25,4x2.0 GHz Cortex-A53 & 4x1.5 GHz Cortex-A53,none,2020.0,cc,10.0,9.8,1.1,10.0,100.0,2.2,5.0,100.0,0.0,0.1,0.2,39.0
Allwinner A333,1.75 GHz Cortex-A73 & 4x Cortex-A53,none,2024.0,cc,9.8,9.2,0.9,11.0,100.0,1.5,5.5,100.0,0.0,0.1,0.1,38.0
Snapdragon 800,4x2.3 GHz Krait 400,none,2013.0,cc,8.3,12.0,0.8,8.4,100.0,2.2,6.3,100.0,0.0,0.1,0.2,38.0
Snapdragon 450,8x1.8 GHz Cortex-A53,none,2017.0,cc,9.5,9.6,0.9,9.6,100.0,1.9,4.9,100.0,0.0,0.1,0.2,37.0
MediaTek Helio P20,4x2.3 GHz + 4x1.6 GHz Cortex-A53,none,2016.0,cc,9.5,8.9,1.2,10.0,100.0,2.0,4.2,100.0,0.0,0.1,0.1,36.0
Exynos 7880,8x1.9 GHz Cortex-A53,none,2017.0,cc,8.8,9.4,0.9,9.2,100.0,1.8,4.8,100.0,0.0,0.1,0.2,35.0
Exynos 7870 Octa,8x1.6 GHz Cortex-A53,none,2016.0,cc,8.7,8.9,0.9,9.0,100.0,1.9,4.1,100.0,0.0,0.1,0.2,34.0
Snapdragon 808,4x1.4 GHz Cortex-A53 & 2x1.8 GHz Cortex-A57,none,2014.0,cc,7.8,9.9,0.7,7.5,100.0,1.7,5.1,100.0,0.0,0.1,0.1,33.0
Unisoc SC9832E,4x1.4 GHz Cortex-53,none,2016.0,cc,7.7,8.5,0.8,7.8,100.0,1.6,4.4,100.0,0.0,0.1,0.1,31.0
Snapdragon 425,4x1.4 GHz Cortex-A53,none,2016.0,cc,7.1,7.5,0.7,7.6,100.0,1.2,4.2,100.0,0.0,0.0,0.1,29.0
Exynos 5250 Dual,2x1.7 GHz Cortex-A15,none,2012.0,cc,6.5,6.9,0.6,7.2,100.0,1.2,4.5,100.0,0.0,0.0,0.1,27.0
Kirin 620,8x1.2 GHz Cortex-A53,none,2014.0,cc,6.6,7.5,0.6,6.7,100.0,1.4,3.7,100.0,0.0,0.1,0.1,27.0
MediaTek Helio A22,4x2.0 GHz Cortex-A53,GPU (PowerVR GE8320),2018.0,gg,6.4,5.3,0.6,8.8,89.6,1.9,4.2,100.0,0.0,0.0,0.1,27.0
Snapdragon 600,4x1.9 GHz Krait 300,none,2013.0,cc,5.2,8.0,0.6,5.4,100.0,1.5,4.4,100.0,0.0,0.1,0.1,25.0
Exynos 7580 Octa,8x1.6 GHz Cortex-A53,none,2015.0,cc,5.8,6.2,0.6,6.3,100.0,1.2,3.0,100.0,0.0,0.1,0.1,23.0
Snapdragon 600,4x1.9 GHz Krait 300,GPU (Adreno 320),2013.0,gg,4.3,6.3,0.7,4.5,78.6,2.5,4.5,78.0,0.0,0.0,0.1,23.0
Snapdragon S4 Pro,4x1.5 GHz Krait,GPU (Adreno 320),2012.0,gg,4.8,5.5,0.9,4.7,58.6,3.0,4.3,64.4,0.0,0.0,0.1,23.0
MediaTek MT6739,4x1.5 GHz Cortex-A53,none,2017.0,cc,5.7,5.4,0.5,6.4,100.0,1.0,2.7,100.0,0.0,0.0,0.1,22.0
MediaTek MT6750,4x1.5 GHz Cortex-A53 & 4x1.0 GHz Cortex-A53,none,2016.0,cc,5.1,6.5,0.5,5.0,100.0,1.2,3.1,100.0,0.0,0.0,0.1,22.0
Snapdragon S4 Pro,4x1.5 GHz Krait,none,2012.0,cc,5.0,6.6,0.6,5.2,100.0,1.3,3.5,100.0,0.0,0.0,0.1,22.0
Qualcomm QCM2150,4x1.3 GHz Cortex-A53,none,2021.0,cc,5.0,5.1,0.4,5.5,100.0,0.9,2.5,100.0,0.0,0.0,0.1,20.0
Exynos 4412 Quad,4x1.4 GHz Cortex-A9,none,2012.0,cc,5.5,4.3,0.5,6.0,100.0,0.8,2.0,100.0,0.0,0.0,0.1,19.0
Intel Celeron N4120,4x1.1 (2.6) GHz Gemini Lake / 4 Threads,none,2019.0,cc,0.4,11.0,0.1,0.3,100.0,2.1,3.9,100.0,0.0,0.0,0.2,18.0
MediaTek MT6739,4x1.5 GHz Cortex-A53,GPU (PowerVR GE8100),2017.0,gg,3.9,3.1,0.2,3.7,89.6,0.9,1.9,100.0,0.0,0.0,0.0,14.0
Rockchip RK3318,4x1.6 GHz Cortex-A9,none,2013.0,cc,3.2,3.8,0.5,2.5,100.0,1.0,2.8,100.0,0.0,0.0,0.1,14.0
MediaTek MT6580,4x1.3 GHz Cortex-A7,none,2016.0,cc,3.2,2.7,0.3,3.4,100.0,0.5,1.2,100.0,0.0,0.0,0.0,11.0
Nvidia Tegra 3,4x1.2 GHz Cortex-A9,none,2011.0,cc,3.3,2.4,0.3,3.4,100.0,0.5,1.0,100.0,0.0,0.0,0.0,11.0
Snapdragon 400,4x1.2 GHz Cortex-A7,none,2012.0,cc,3.1,2.6,0.3,3.4,100.0,0.5,1.1,100.0,0.0,0.0,0.0,11.0
Exynos 3470 Quad,4x1.4 GHz Cortex-A7,none,2015.0,cc,3.0,2.5,0.3,3.1,100.0,0.5,1.0,100.0,0.0,0.0,0.0,10.0
Exynos 4210 Dual,2x1.2 GHz Cortex-A9,none,2011.0,cc,2.3,2.2,0.2,2.8,100.0,0.4,1.5,100.0,0.0,0.0,0.0,9.0
TI OMAP 4460,2x1.2 GHz Cortex-A9,none,2011.0,cc,2.3,2.0,0.2,2.5,100.0,0.4,1.2,100.0,0.0,0.0,0.0,9.0
AutoChips AC8227L,4x1.1 GHz Cortex-A7,none,2018.0,cc,1.8,1.5,0.2,1.7,100.0,0.3,0.9,100.0,0.0,0.0,0.0,6.0
Intel Atom Z3580,4x2.33 GHz Moorefield,none,2014.0,cc,0.3,3.0,0.0,0.2,100.0,0.9,1.2,100.0,0.0,0.0,0.0,6.0
Snapdragon S2 MSM8255,1x1.0 GHz Scorpion,none,2010.0,cc,1.4,0.8,0.1,1.6,100.0,0.1,0.7,100.0,0.0,0.0,0.0,5.0
Snapdragon S1 MSM7227A,1x1.0 GHz Cortex-A5,none,2011.0,cc,0.6,0.4,0.0,0.9,100.0,0.0,0.4,100.0,0.0,0.0,0.0,2.0
Intel Atom Z2560,2x1.6 GHz Cloverview / 4 Threads,none,2012.0,cc,0.1,0.7,0.0,0.0,100.0,0.2,0.3,100.0,0.0,0.0,0.0,1.0
